code,text,Risk,Opportunity
HHHH,You have integrated AI extensively across your organization including the education and direct support necessary to help your employees adjust. You are a stand out employer!,Overdependence on AI exposes you to unknown-unknowns on this still-emerging technology,Poised to transform your business
HHHL,"You have integrated AI extensively across your operations and have even used it to support employee wellness. However  you may need to put more effort into education to ensure you get the full value from this investment.

Next Line Test",Employee burnout results in loss of critical talent needed to make the most of Ai,Turn your already formidable AI capabilities toward employee holistic health to create an unstoppable workforce
HHLH,"You have integrated AI extensively across your operations and educated your employees effectively. However, you are missing an opportunity to use AI to improve employee holistic health.",Untrained employees use AI ineffectively leading to negative internal and external outcomes,Focused education push results in a step change in AI-driven business outcomes
HHLL,"You have integrated AI extensively across your operations but without a beter approach to education and holistic health support, you risk negatively impacting your employees",A disconnected workforce uses AI ineffectively and high quality employees leave for greener pastures,A focus on workforce development accesses as yet untapped AI capabilities to finally generate significant ROI
HLHH,"You are using AI effectively from a client-facing perspective, but your failure to integrate it into back office operations may cause clients to be skeptical of your commitment to the technology","Clients go with competitors who show more internal faith in AI, slowing business growth",Internal ops AI development improves business efficiency and credibility in the market
HLHL,"You are using AI effectively from a client-facing perspective, but your failure to integrate it into back office operations or to support employee health may cause clients to be skeptical of your commitment to the technology","Clients go with competitors who show more internal faith in AI, slowing business growth while highly skilled employees leave for more human-workforce-focused employers",Facing AI capabilities inward drives improved business improvement and employee performance
HLLH,"You are using AI effectively from a client-facing perspective, but the lack of employee education and failure to integrate it into back office operations may cause clients to be skeptical of your commitment to the technology",Clients go with competitors who show more internal faith in AI and whose employees are more obviously knowledgeable,Facing AI capabilities inward and improving education drives improved business improvement and employee performance
HLLL,"You are using AI effectively from a client-facing perspective, but you are not integrating it into any other aspect of your enterprise, nor are you effectively education your employees; clients may be skeptical of your commitment, and employees may not effectively deploy AI tools or feel supported in adapting to an AI-enabled workplace ",Clients go with competitors who show more internal faith in AI and whose employees are more obviously knowledgeable and engaged,Facing AI capabilities inward and improving education drives improved business improvement and employee performance and engagement
LHHH,"You are deploying AI to run your business effectively and doing an admirable job preparing your employees for an AI-enabled workplace, but not deploying AI for client-facing services can mark your company as a laggard ","Clients go with competitors who are deploying AI-driven capabilities for sales, marketing, and delivery",Turning already formidbale AI capabilities toward client-facing uses immediately improves standing in the market
LHHL,"You are deploying AI to run your business effectively but you can do a better job helping your employees prepare for an AI-enabled workplace. In addition, finding ways to deploy AI for client-facing activities can demonstrate your commitment to growth more effectively than maintaining AI as an internal-only tool","Clients go with competitors who are deploying AI-driven capabilities for sales, marketing, and delivery and employees leave for employers who show more comittment to workforce wellbeing",Turning already formidable AI capabilities toward client-facing uses and employee holistic health promotion immediately improves standing in the client and talent markets
LHLL,"You are deploying AI to run your business more effectively but without more education and more client-facing use cases, you threaten to severely underutilize AI ","Clients go with competitors who are effectively deploying AI-driven capabilities for sales, marketing, and delivery and employees leave for employers who show more comittment to workforce wellbeing",Improving employee training and turning AI capabilities toward client-facing uses and employee holistic health promotion immediately improves standing in the client and talent markets
LHLH,"You are deploying AI to run your business more effectively but without more education and more client-facing use cases, you threaten to severely underutilize AI ","Clients go with competitors who are effectively deploying AI-driven capabilities for sales, marketing, and delivery",Improving employee training and turning AI capabilities toward client-facing uses immediately improves standing in the client and talent markets
LLHH,"You are effectively preparing your employees to prepare for an AI-enabled workforce, but you are making little use of AI in your actual business operations. The longer you wait, the farther you fall behind",Clients choose competitors with more obvious commitment to AI,Shifting from a purely internal and tentative approach to AI to operations-focused efforts distinguishes your company in the market
LLHL,"You are effectively preparing your employees to prepare for an AI-enabled workforce, but you are making little use of AI in your actual business operations. The longer you wait, the farther you fall behind",Clients choose competitors with more obvious commitment to AI,Shifting from a purely internal and tentative approach to AI to operations-focused efforts distinguishes your company in the market
LLLL,"You have done little to integrate AI into your business. The longer you wait, the farther you fall behind",Clients choose competitors with more obvious commitment to AI and employees leave for a more progressive employer,The time for investment is now
